07-07-2025,Brakpan Christmas Market,brakpan,christmas,market
16-08-2025,George Wellness Festival,george,wellness,festival
03-08-2025,Phalaborwa Technology Expo,phalaborwa,technology,expo
13-03-2025,Limpopo Book Fair,limpopo,book,fair
20-08-2025,Phalaborwa Family Fun Day,phalaborwa,family,fun,day
27-02-2024,Pretoria Wellness Festival,pretoria,wellness,festival
15-05-2024,Tshwane Crafting Fair,tshwane,crafting,fair
20-05-2024,Kimberley Cultural Day,kimberley,cultural,day
18-01-2025,Brakpan Art Exhibition,brakpan,art,exhibition
24-06-2025,Cape Town Family Fun Day,cape,town,family,fun
21-09-2024,Johannesburg Pet Show,johannesburg,pet,show
23-03-2024,Richards Bay Fashion Show,richards,bay,fashion,show
16-10-2023,Pretoria Summer Bash,pretoria,summer,bash
05-01-2024,Johannesburg Summer Bash,johannesburg,summer,bash
09-12-2024,Limpopo Food Truck Festival,limpopo,food,truck,festival
08-01-2024,Pretoria Cultural Day,pretoria,cultural,day
30-04-2024,Midrand Winter Wonderland,midrand,winter,wonderland
06-09-2025,East London Gala Dinner,east,london,gala,dinner
14-12-2024,Kimberley Book Fair,kimberley,book,fair
25-07-2025,Kimberley Sports Festival,kimberley,sports,festival
11-10-2024,Krugersdorp Jazz Festival,krugersdorp,jazz,festival
03-05-2025,Pretoria Music Festival,pretoria,music,festival
29-04-2024,Durban Pet Show,durban,pet,show
08-07-2024,Brakpan Family Fun Day,brakpan,family,fun,day
23-02-2025,Kimberley Yoga Retreat,kimberley,yoga,retreat
19-08-2025,George Cooking Workshop,george,cooking,workshop
15-09-2025,Richards Bay Book Fair,richards,bay,book,fair
05-05-2024,George Music Festival,george,music,festival
18-02-2024,Port Elizabeth Yoga Retreat,port,elizabeth,yoga,retreat
06-10-2024,Pietermaritzburg Fashion Show,pietermaritzburg,fashion,show
09-09-2025,Johannesburg Local Fair,johannesburg,local,fair
15-01-2025,Pretoria Local Fair,pretoria,local,fair
10-05-2025,Vanderbijlpark Art Exhibition,vanderbijlpark,art,exhibition
13-11-2024,Cape Town Art Exhibition,cape,town,art,exhibition
09-10-2024,Parys Fashion Show,parys,fashion,show
23-12-2024,Pietermaritzburg Food Truck Festival,pietermaritzburg,food,truck,festival
18-10-2023,Parys Charity Run,parys,charity,run
12-02-2025,Soweto Fashion Show,soweto,fashion,show
14-06-2025,East London Summer Bash,east,london,summer,bash
27-06-2025,Pietermaritzburg Crafting Fair,pietermaritzburg,crafting,fair
25-08-2024,Limpopo Food Truck Festival,limpopo,food,truck,festival
28-09-2025,Midrand Book Fair,midrand,book,fair
10-07-2024,Krugersdorp Photography Walk,krugersdorp,photography,walk
18-06-2025,Vanderbijlpark Music Festival,vanderbijlpark,music,festival
13-08-2025,Soweto Yoga Retreat,soweto,yoga,retreat
06-02-2025,Umtata Family Fun Day,umtata,family,fun,day
27-12-2023,Limpopo Local Fair,limpopo,local,fair
26-12-2023,Pretoria Community Picnic,pretoria,community,picnic
21-07-2025,Durban Charity Run,charity,run,fitness,community
23-01-2025,Mthatha Theatre Production,mthatha,theatre,production
17-05-2024,Umtata Health Awareness Drive,umtata,health,awareness,drive
26-01-2024,Midrand Wine Tasting,midrand,wine,tasting
25-03-2024,Pretoria Film Festival,pretoria,film,festival
01-08-2025,Parys Community Garden Day,parys,community,garden,day
16-04-2024,Parys Community Garden Day,parys,community,garden,day
20-12-2024,Nelspruit Wellness Festival,nelspruit,wellness,festival
06-10-2025,Pretoria Community Picnic,pretoria,community,picnic
01-06-2025,Soweto Christmas Market,soweto,christmas,market
13-07-2025,Johannesburg Theatre Production,johannesburg,theatre,production
22-03-2024,Umtata Winter Wonderland,umtata,winter,wonderland
09-07-2024,Midrand Food Truck Festival,midrand,food,truck,festival
02-11-2023,Rustenburg Summer Bash,rustenburg,summer,bash
08-03-2024,Durban Technology Expo,durban,technology,expo
08-10-2024,Pietermaritzburg Community Garden Day,pietermaritzburg,community,garden,day
02-01-2025,Pretoria Community Garden Day,pretoria,community,garden,day
29-12-2023,Port Elizabeth Yoga Retreat,port,elizabeth,yoga,retreat
22-08-2025,Bloemfontein Food Truck Festival,bloemfontein,food,truck,festival
16-11-2023,Mthatha Food Truck Festival,mthatha,food,truck,festival
15-03-2024,Durban Cultural Day,durban,cultural,day
29-12-2024,Umtata Art Exhibition,umtata,art,exhibition
16-06-2024,Nelspruit Jazz Festival,nelspruit,jazz,festival
01-12-2024,Bloemfontein Art Exhibition,bloemfontein,art,exhibition
04-09-2024,Cape Town Christmas Market,cape,town,christmas,market
15-12-2024,Worcester Wellness Festival,worcester,wellness,festival
30-10-2024,Krugersdorp Community Garden Day,krugersdorp,community,garden,day
28-07-2025,Rustenburg Christmas Market,rustenburg,christmas,market
28-02-2024,Tshwane Book Fair,tshwane,book,fair
07-03-2024,Worcester Christmas Market,worcester,christmas,market
16-04-2025,Worcester Local Fair,worcester,local,fair
20-05-2024,Krugersdorp Health Awareness Drive,krugersdorp,health,awareness,drive
09-11-2024,George Christmas Market,george,christmas,market
02-02-2024,Kimberley Film Festival,kimberley,film,festival
30-03-2024,Mthatha Outdoor Movie Night,mthatha,outdoor,movie,night
28-02-2025,Mthatha Winter Wonderland,mthatha,winter,wonderland
19-07-2025,Brakpan Jazz Festival,brakpan,jazz,festival
01-04-2024,Klerksdorp Health Awareness Drive,klerksdorp,health,awareness,drive
26-07-2024,Parys Winter Wonderland,parys,winter,wonderland
03-02-2025,Polokwane Dance Competition,polokwane,dance,competition
01-07-2025,Mthatha Wine Tasting,mthatha,wine,tasting
31-12-2023,Nelspruit Yoga Retreat,nelspruit,yoga,retreat
16-07-2024,Krugersdorp Yoga Retreat,krugersdorp,yoga,retreat
19-01-2025,Pretoria Crafting Fair,pretoria,crafting,fair
14-12-2024,Tshwane Wellness Festival,tshwane,wellness,festival
19-08-2024,Umtata Photography Walk,umtata,photography,walk
23-02-2025,Cape Town Photography Walk,cape,town,photography,walk
11-10-2025,Mthatha Christmas Market,mthatha,christmas,market
23-07-2024,Rustenburg Sports Festival,rustenburg,sports,festival
07-11-2023,Krugersdorp Art Exhibition,krugersdorp,art,exhibition
16-12-2024,Nelspruit Wellness Festival,nelspruit,wellness,festival
05-06-2025,Polokwane Dance Competition,polokwane,dance,competition
27-02-2024,Durban Family Fun Day,durban,family,fun,day
09-12-2024,Nelspruit Sports Festival,nelspruit,sports,festival
03-03-2024,Vanderbijlpark Crafting Fair,vanderbijlpark,crafting,fair
01-02-2025,Krugersdorp Community Garden Day,krugersdorp,community,garden,day
10-08-2024,Polokwane Gala Dinner,polokwane,gala,dinner
27-09-2025,Klerksdorp Crafting Fair,klerksdorp,crafting,fair
13-07-2025,Phalaborwa Pet Show,phalaborwa,pet,show
03-11-2023,Kimberley Book Fair,kimberley,book,fair
03-01-2025,Richards Bay Fashion Show,richards,bay,fashion,show
09-12-2024,Tshwane Theatre Production,tshwane,theatre,production
08-12-2023,Cape Town Community Picnic,cape,town,community,picnic
09-11-2023,Port Elizabeth Dance Competition,dance,competition,performance,community
28-03-2024,Klerksdorp Film Festival,klerksdorp,film,festival
31-12-2024,Klerksdorp Crafting Fair,klerksdorp,crafting,fair
03-11-2023,Midrand Charity Run,midrand,charity,run
23-11-2024,Nelspruit Fashion Show,nelspruit,fashion,show
25-09-2025,Johannesburg Cultural Day,johannesburg,cultural,day
31-10-2023,Durban Cooking Workshop,durban,cooking,workshop
25-03-2025,George Book Fair,george,book,fair
23-10-2023,Pretoria Health Awareness Drive,pretoria,health,awareness,drive
06-07-2024,Nelspruit Technology Expo,nelspruit,technology,expo
05-06-2025,Soweto Technology Expo,soweto,technology,expo
23-07-2025,Cape Town Yoga Retreat,cape,town,yoga,retreat
25-06-2025,Polokwane Food Truck Festival,polokwane,food,truck,festival
11-02-2025,Durban Dance Competition,durban,dance,competition
28-04-2025,Cape Town Sports Festival,cape,town,sports,festival
06-11-2023,Cape Town Photography Walk,cape,town,photography,walk
21-01-2025,Durban Sports Festival,durban,sports,festival
02-02-2024,Richards Bay Charity Run,richards,bay,charity,run
29-10-2024,Cape Town Fashion Show,cape,town,fashion,show
25-04-2024,East London Jazz Festival,east,london,jazz,festival
14-11-2024,George Gala Dinner,george,gala,dinner
29-07-2024,Phalaborwa Wine Tasting,phalaborwa,wine,tasting
26-04-2024,Kimberley Community Picnic,kimberley,community,picnic
17-09-2025,Brakpan Photography Walk,brakpan,photography,walk
03-11-2024,Krugersdorp Film Festival,krugersdorp,film,festival
24-06-2025,Rustenburg Cultural Day,rustenburg,cultural,day
29-04-2025,Rustenburg Theatre Production,rustenburg,theatre,production
23-07-2025,Durban Community Picnic,durban,community,picnic
02-12-2023,Rustenburg Technology Expo,rustenburg,technology,expo
24-10-2024,Klerksdorp Local Fair,klerksdorp,local,fair
14-03-2024,Pretoria Family Fun Day,pretoria,family,fun,day
04-06-2025,Krugersdorp Wellness Festival,krugersdorp,wellness,festival
04-08-2024,Kimberley Art Exhibition,kimberley,art,exhibition
26-12-2023,Polokwane Charity Run,polokwane,charity,run
21-08-2025,Bloemfontein Food Truck Festival,bloemfontein,food,truck,festival
28-04-2025,Phalaborwa Photography Walk,phalaborwa,photography,walk
21-05-2024,Nelspruit Wellness Festival,nelspruit,wellness,festival
05-01-2024,Durban Fashion Show,durban,fashion,show
09-05-2024,Vanderbijlpark Sports Festival,vanderbijlpark,sports,festival
09-02-2025,Rustenburg Photography Walk,rustenburg,photography,walk
27-10-2023,Klerksdorp Food Truck Festival,klerksdorp,food,truck,festival
02-01-2024,Richards Bay Technology Expo,richards,bay,technology,expo
24-12-2023,Kimberley Charity Run,kimberley,charity,run
01-09-2024,Tshwane Family Fun Day,tshwane,family,fun,day
28-10-2023,Soweto Family Fun Day,soweto,family,fun,day
30-04-2024,Limpopo Hiking Day,limpopo,hiking,day
03-10-2025,Pretoria Film Festival,pretoria,film,festival
27-10-2024,Soweto Community Garden Day,soweto,community,garden,day
12-08-2024,Cape Town Crafting Fair,cape,town,crafting,fair
17-11-2024,Vanderbijlpark Fashion Show,vanderbijlpark,fashion,show
14-08-2025,Rustenburg Gala Dinner,rustenburg,gala,dinner
09-06-2024,Limpopo Summer Bash,limpopo,summer,bash
13-11-2024,Bloemfontein Christmas Market,bloemfontein,christmas,market
02-06-2025,Kimberley Hiking Day,kimberley,hiking,day
22-04-2024,Richards Bay Gala Dinner,richards,bay,gala,dinner
25-02-2024,George Summer Bash,george,summer,bash
16-11-2023,Brakpan Book Fair,brakpan,book,fair
23-09-2024,Vanderbijlpark Film Festival,vanderbijlpark,film,festival
26-09-2024,Pretoria Hiking Day,pretoria,hiking,day
18-09-2024,Midrand Film Festival,midrand,film,festival
17-03-2024,Pietermaritzburg Art Exhibition,pietermaritzburg,art,exhibition
11-08-2025,Rustenburg Dance Competition,rustenburg,dance,competition
26-12-2023,Umtata Charity Run,umtata,charity,run
10-05-2025,Brakpan Summer Bash,brakpan,summer,bash
14-04-2024,Phalaborwa Health Awareness Drive,phalaborwa,health,awareness,drive
28-03-2024,George Sports Festival,george,sports,festival
29-10-2023,Pietermaritzburg Gala Dinner,pietermaritzburg,gala,dinner
31-08-2025,Johannesburg Summer Bash,johannesburg,summer,bash
26-07-2025,George Fashion Show,george,fashion,show
06-02-2025,Nelspruit Outdoor Movie Night,nelspruit,outdoor,movie,night
17-03-2025,Pietermaritzburg Wine Tasting,pietermaritzburg,wine,tasting
11-03-2024,East London Technology Expo,east,london,technology,expo
01-05-2024,Rustenburg Outdoor Movie Night,rustenburg,outdoor,movie,night
19-09-2024,Rustenburg Community Garden Day,rustenburg,community,garden,day
11-04-2024,Polokwane Theatre Production,polokwane,theatre,production
30-07-2025,Nelspruit Cooking Workshop,nelspruit,cooking,workshop
04-10-2024,Umtata Health Awareness Drive,umtata,health,awareness,drive
19-07-2024,Worcester Sports Festival,worcester,sports,festival
19-09-2024,Durban Fashion Show,durban,fashion,show
15-08-2025,Durban Community Garden Day,durban,community,garden,day
07-04-2024,Mthatha Family Fun Day,mthatha,family,fun,day
25-12-2023,Parys Theatre Production,parys,theatre,production
10-09-2025,Kimberley Music Festival,kimberley,music,festival
18-10-2023,Cape Town Music Festival,live,music,fun,beach
30-09-2024,Parys Family Fun Day,parys,family,fun,day
30-11-2024,Pietermaritzburg Community Picnic,pietermaritzburg,community,picnic
16-02-2024,Richards Bay Community Picnic,richards,bay,community,picnic
12-05-2024,Limpopo Technology Expo,limpopo,technology,expo
01-06-2024,Pietermaritzburg Charity Run,pietermaritzburg,charity,run
31-03-2024,Parys Gala Dinner,parys,gala,dinner
18-01-2025,George Health Awareness Drive,george,health,awareness,drive
21-03-2025,Umtata Cultural Day,umtata,cultural,day
08-11-2024,Soweto Book Fair,soweto,book,fair
16-03-2024,Port Elizabeth Crafting Fair,port,elizabeth,crafting,fair
01-06-2024,Brakpan Film Festival,brakpan,film,festival
09-12-2023,Parys Music Festival,parys,music,festival
21-07-2024,Limpopo Winter Wonderland,limpopo,winter,wonderland
18-12-2023,Richards Bay Summer Bash,richards,bay,summer,bash
21-11-2023,Phalaborwa Pet Show,phalaborwa,pet,show
08-12-2023,Mthatha Cultural Day,mthatha,cultural,day
23-01-2025,Worcester Pet Show,worcester,pet,show
05-07-2024,Soweto Jazz Festival,soweto,jazz,festival
27-10-2023,Pretoria Pet Show,pretoria,pet,show
29-01-2024,Tshwane Music Festival,tshwane,music,festival
29-10-2024,Umtata Yoga Retreat,umtata,yoga,retreat
28-11-2023,Umtata Charity Run,umtata,charity,run
20-01-2025,Worcester Film Festival,worcester,film,festival
28-06-2025,Parys Food Truck Festival,parys,food,truck,festival
31-03-2024,Krugersdorp Pet Show,krugersdorp,pet,show
21-03-2024,Vanderbijlpark Community Garden Day,vanderbijlpark,community,garden,day
11-12-2024,Worcester Theatre Production,worcester,theatre,production
24-05-2025,Parys Christmas Market,parys,christmas,market
04-05-2024,Phalaborwa Wine Tasting,phalaborwa,wine,tasting
22-12-2023,Richards Bay Book Fair,richards,bay,book,fair
09-05-2025,Richards Bay Pet Show,richards,bay,pet,show
17-06-2024,Tshwane Crafting Fair,tshwane,crafting,fair
24-06-2025,East London Winter Wonderland,east,london,winter,wonderland
28-02-2024,Worcester Jazz Festival,worcester,jazz,festival
27-01-2024,Kimberley Film Festival,kimberley,film,festival
07-04-2025,Krugersdorp Wellness Festival,krugersdorp,wellness,festival
30-03-2025,Klerksdorp Art Exhibition,klerksdorp,art,exhibition
16-08-2024,Klerksdorp Summer Bash,klerksdorp,summer,bash
18-03-2024,Tshwane Wine Tasting,tshwane,wine,tasting
14-11-2024,Nelspruit Music Festival,nelspruit,music,festival
17-02-2025,George Fashion Show,george,fashion,show
10-12-2023,Nelspruit Local Fair,nelspruit,local,fair
20-03-2024,Worcester Book Fair,worcester,book,fair
29-01-2025,Soweto Winter Wonderland,soweto,winter,wonderland
04-04-2024,Pretoria Health Awareness Drive,pretoria,health,awareness,drive
09-04-2025,Durban Technology Expo,durban,technology,expo
25-04-2024,Rustenburg Family Fun Day,rustenburg,family,fun,day
19-06-2025,Richards Bay Community Garden Day,richards,bay,community,garden
15-06-2024,Bloemfontein Music Festival,bloemfontein,music,festival
22-02-2024,Polokwane Winter Wonderland,polokwane,winter,wonderland
09-05-2024,Johannesburg Sports Festival,johannesburg,sports,festival
15-08-2025,Durban Photography Walk,durban,photography,walk
20-10-2024,Brakpan Film Festival,brakpan,film,festival
27-05-2025,Rustenburg Community Picnic,rustenburg,community,picnic
22-01-2025,Krugersdorp Dance Competition,krugersdorp,dance,competition
01-05-2025,East London Jazz Festival,east,london,jazz,festival
19-05-2025,Umtata Wine Tasting,umtata,wine,tasting
05-02-2024,Klerksdorp Wellness Festival,klerksdorp,wellness,festival
24-05-2025,Worcester Film Festival,worcester,film,festival
06-06-2025,Pretoria Gala Dinner,pretoria,gala,dinner
30-01-2025,Port Elizabeth Pet Show,port,elizabeth,pet,show
29-07-2024,Worcester Summer Bash,worcester,summer,bash
21-02-2024,Umtata Cooking Workshop,umtata,cooking,workshop
11-10-2025,Soweto Christmas Market,soweto,christmas,market
27-08-2024,George Yoga Retreat,george,yoga,retreat
02-09-2025,Nelspruit Fashion Show,nelspruit,fashion,show
06-05-2025,Johannesburg Community Garden Day,johannesburg,community,garden,day
12-12-2024,Parys Photography Walk,parys,photography,walk
12-02-2024,Cape Town Pet Show,cape,town,pet,show
25-01-2024,Tshwane Pet Show,tshwane,pet,show
25-02-2025,Bloemfontein Outdoor Movie Night,bloemfontein,outdoor,movie,night
11-02-2025,Pretoria Wellness Festival,pretoria,wellness,festival
04-03-2025,Bloemfontein Gala Dinner,bloemfontein,gala,dinner
04-06-2024,Phalaborwa Winter Wonderland,phalaborwa,winter,wonderland
03-03-2024,George Crafting Fair,george,crafting,fair
23-01-2024,Worcester Film Festival,worcester,film,festival
10-10-2024,Kimberley Wellness Festival,kimberley,wellness,festival
02-07-2025,Polokwane Fashion Show,polokwane,fashion,show
15-10-2023,Brakpan Yoga Retreat,brakpan,yoga,retreat
01-10-2024,Brakpan Dance Competition,brakpan,dance,competition
13-07-2025,Brakpan Jazz Festival,brakpan,jazz,festival
23-02-2024,Parys Dance Competition,parys,dance,competition
30-06-2024,Richards Bay Crafting Fair,richards,bay,crafting,fair
11-03-2024,Cape Town Technology Expo,cape,town,technology,expo
19-08-2024,Cape Town Sports Festival,cape,town,sports,festival
12-08-2024,Mthatha Charity Run,mthatha,charity,run
02-07-2025,Richards Bay Music Festival,richards,bay,music,festival
06-12-2023,Umtata Gala Dinner,umtata,gala,dinner
18-06-2024,Mthatha Technology Expo,mthatha,technology,expo
26-12-2024,Umtata Outdoor Movie Night,umtata,outdoor,movie,night
29-07-2025,Polokwane Pet Show,polokwane,pet,show
31-08-2024,Mthatha Charity Run,mthatha,charity,run
12-07-2024,Umtata Wine Tasting,umtata,wine,tasting
22-11-2024,Polokwane Dance Competition,polokwane,dance,competition
16-08-2024,Cape Town Jazz Festival,cape,town,jazz,festival
18-04-2025,Mthatha Local Fair,mthatha,local,fair
12-04-2025,Klerksdorp Christmas Market,klerksdorp,christmas,market
01-04-2024,Johannesburg Food Truck Festival,food,trucks,street,community
25-01-2024,Mthatha Outdoor Movie Night,mthatha,outdoor,movie,night
02-03-2024,Parys Photography Walk,parys,photography,walk
15-09-2024,Klerksdorp Health Awareness Drive,klerksdorp,health,awareness,drive
10-05-2025,Pretoria Yoga Retreat,pretoria,yoga,retreat
09-03-2024,Limpopo Art Exhibition,limpopo,art,exhibition
23-10-2024,George Winter Wonderland,george,winter,wonderland
30-12-2024,Polokwane Local Fair,polokwane,local,fair
04-03-2024,Winter Ice Sculpture Contest,winter,ice,sculpture,contest
23-08-2025,Autumn Harvest Festival,autumn,harvest,festival
01-11-2023,Public Sculpture Art Event,public,sculpture,art,event
11-02-2025,City Park Fitness Meetup,city,park,fitness,meetup
27-09-2024,Christmas Caroling Event,christmas,caroling,event
05-07-2025,Neighborhood Winter Festival,neighborhood,winter,festival
14-12-2024,Vegan Food Festival,vegan,food,festival
09-10-2025,Live Jazz in the Park,live,jazz,the,park
19-06-2025,Kids Coding Workshop,kids,coding,workshop
13-06-2025,Meditation and Breathing Workshop,meditation,and,breathing,workshop
15-10-2024,Art & Design Exhibition,art,design,exhibition
26-03-2024,Community Cooking Class,community,cooking,class
07-09-2025,Yoga in the Park,yoga,the,park
09-01-2024,Indie Film Screening and Panel,indie,film,screening,and
19-06-2024,Neighborhood Block Party,neighborhood,block,party
28-06-2024,Local Poetry Slam,local,poetry,slam
24-02-2024,City Cycling Marathon,city,cycling,marathon
03-09-2024,Open Mic Night,open,mic,night
10-11-2023,Community Recycling Drive,community,recycling,drive
26-04-2025,Regional Art Exhibition,regional,art,exhibition
20-09-2025,Women in Leadership Seminar,women,leadership,seminar
21-05-2024,Mindfulness and Meditation Retreat,mindfulness,and,meditation,retreat
09-12-2024,Farm-to-Table Dinner,farm-to-table,dinner
18-09-2024,Outdoor Fitness Challenge,outdoor,fitness,challenge
06-11-2024,Public Speaking Workshop,public,speaking,workshop
28-10-2023,Networking Brunch,networking,brunch
23-12-2023,City Marathon,sports,fitness,run,outdoor
02-03-2025,Urban Gardening Workshop,urban,gardening,workshop
07-08-2025,Local Jewelry-Making Workshop,local,jewelry-making,workshop
18-10-2024,Cooking Competition,cooking,competition
25-01-2024,Varsity College Music Festival,varsity,college,music,festival
09-06-2024,Public Debate on Mental Health,public,debate,mental,health
11-02-2024,Indie Music Festival,indie,music,festival
17-11-2023,Spring Picnic & Games,spring,picnic,games
06-07-2024,Urban Sketching Meetup,urban,sketching,meetup
30-05-2025,Outdoor Adventure Workshop,outdoor,adventure,workshop
05-09-2024,Sustainability Talk,sustainability,talk
25-03-2024,Backyard BBQ and Potluck,backyard,bbq,and,potluck
19-10-2024,Local Community Talent Show,local,community,talent,show
30-10-2024,Holiday Baking Class,holiday,baking,class
15-09-2024,Educational Film Screening,educational,film,screening
16-01-2024,Charity Football Match,charity,football,match
26-06-2025,Regional E-Sports Tournament,regional,e-sports,tournament
27-03-2025,Farmers Market: Spring Edition,farmers,market:,spring,edition
10-09-2025,Local Drum Circle Event,local,drum,circle,event
23-01-2025,Summer BBQ Bash,summer,bbq,bash
18-03-2024,Street Food Carnival,street,food,carnival
01-11-2023,Food & Wine Pairing Night,food,wine,pairing,night
13-12-2024,Water Safety Seminar,water,safety,seminar
19-06-2025,Tech Innovation Workshop,education,technology,innovation,workshop
31-05-2024,University Open Day,university,open,day
12-02-2025,Local Football Championship,local,football,championship
31-12-2023,Modern Art Workshop,modern,art,workshop
01-09-2025,Health and Nutrition Seminar,health,and,nutrition,seminar
04-05-2025,Chess and Board Game Tournament,chess,and,board,game
14-06-2024,Volunteering Day,volunteering,day
24-05-2024,Craft Workshop for Kids,craft,workshop,for,kids
01-10-2025,Photography Exhibit Opening,photography,exhibit,opening
17-12-2024,Charity Gala,charity,gala,formal,non-profit
15-09-2025,Seasonal Craft Workshop,seasonal,craft,workshop
15-10-2024,Annual Garden Competition,annual,garden,competition
11-04-2024,Eco-Friendly Living Fair,eco-friendly,living,fair
23-11-2023,University Seminar on AI,education,technology,seminar,AI
22-12-2023,Open-Air Cooking Show,open-air,cooking,show
09-03-2025,Virtual Reality Experience Event,virtual,reality,experience,event
18-07-2024,Spring Equinox Celebration,spring,equinox,celebration
29-05-2025,Historical Reenactment Day,historical,reenactment,day
28-03-2025,Online Language Learning Workshop,online,language,learning,workshop
27-07-2024,Back-to-School Fair,back-to-school,fair
07-12-2024,Regional Karate Championship,regional,karate,championship
13-01-2024,Halloween Costume Party,party,costumes,holiday,fun
12-08-2025,Health and Wellness Retreat,health,and,wellness,retreat
07-08-2025,Dog Adoption Fair,dog,adoption,fair
04-08-2024,Photography Workshop,photography,workshop
06-11-2024,Pop-Up Theater Event,pop-up,theater,event
18-03-2025,Bird Sanctuary Tour,bird,sanctuary,tour
07-04-2025,Easter Egg Hunt,easter,egg,hunt
22-11-2023,Children’s Literature Reading,children’s,literature,reading
14-05-2025,Open-Air Salsa Night,open-air,salsa,night
20-07-2024,Children's Puppet Theater,children's,puppet,theater
06-11-2023,National Book Week Celebration,national,book,week,celebration
25-04-2025,Local Chess Tournament,local,chess,tournament
04-12-2023,Digital Art Show,digital,art,show
30-11-2024,Non-Profit Gala Dinner,non-profit,gala,dinner
23-04-2024,Street Dance Competition,street,dance,competition
09-10-2024,Book Reading by Local Authors,book,reading,local,authors
22-09-2024,Spring Nature Walk,spring,nature,walk
14-05-2025,Student Hackathon,student,hackathon
11-08-2024,International Food Night,international,food,night
02-04-2024,Public Debate on Climate Change,public,debate,climate,change
31-07-2024,Meditation Workshop,meditation,workshop
16-05-2025,Backyard Camping Night,backyard,camping,night
20-02-2024,Online Entrepreneurship Workshop,online,entrepreneurship,workshop
15-03-2024,Classic Car Show,classic,car,show
01-02-2024,Food Waste Awareness Seminar,food,waste,awareness,seminar
06-12-2023,Farm Animal Petting Zoo,farm,animal,petting,zoo
03-12-2024,Annual Surf Competition,annual,surf,competition
06-11-2023,Bird Photography Exhibition,bird,photography,exhibition
25-12-2023,City History Walking Tour,city,history,walking,tour
27-12-2023,Live Podcast Recording,live,podcast,recording
13-11-2024,Golfing Competition,golfing,competition
26-09-2024,Summer Solstice Celebration,summer,solstice,celebration
12-05-2024,Local Craft Beer Festival,local,craft,beer,festival
17-07-2024,Neighborhood Watch Meeting,neighborhood,watch,meeting
26-07-2025,Local Theater Play,theater,art,performance,community
23-03-2025,Storytelling Workshop for Adults,storytelling,workshop,for,adults
27-09-2024,Beach Clean-Up Day,beach,clean-up,day
06-02-2025,Local DJ Night,local,night
23-10-2023,Street Artist Festival,street,artist,festival
16-05-2024,New Year’s Eve Party,new,year’s,eve,party
11-01-2024,Local Youth Dance Battle,local,youth,dance,battle
08-04-2024,Seasonal Dessert Festival,seasonal,dessert,festival
29-03-2025,Historical Fiction Book Club,historical,fiction,book,club
15-05-2024,Outdoor Yoga Class,outdoor,yoga,class
16-08-2025,Historical Reenactment Festival,historical,reenactment,festival
07-12-2023,Sports Awards Ceremony,sports,awards,ceremony
11-10-2023,Organic Gardening Class,organic,gardening,class
08-07-2025,Seasonal Baking Competition,seasonal,baking,competition
16-11-2023,Community Potluck,community,potluck
13-08-2025,Drinks Around the World,drinks,around,the,world
28-11-2024,Local Music Showcase,local,music,showcase
28-09-2025,Holiday Toy Drive,holiday,toy,drive
06-11-2024,Street Food and Music Event,street,food,and,music
02-08-2025,Public Environmental Debate,public,environmental,debate
26-01-2025,Outdoor Movie Night,outdoor,movie,night
23-05-2025,Community Garage Sale,community,garage,sale
12-12-2024,Annual Flower Show,annual,flower,show
16-07-2024,Food Truck Festival,food,community,outdoor,festival
18-06-2025,Basketball Tournament,basketball,tournament
06-06-2025,Public Lecture on History,public,lecture,history
10-06-2024,Global Health Seminar,global,health,seminar
18-06-2024,Acoustic Guitar Night,acoustic,guitar,night
06-12-2024,Tennis Tournament,tennis,tournament
31-03-2025,Virtual Coding Hackathon,virtual,coding,hackathon
17-12-2023,Local Science Museum Day,local,science,museum,day
31-05-2024,Christmas Market,holiday,market,shopping,community
14-12-2024,Community Cleanup Day,community,cleanup,environment,outdoor
27-12-2023,Storytelling Competition,storytelling,competition
29-05-2025,Mardi Gras Celebration,mardi,gras,celebration
01-11-2024,Yoga for Beginners Class,yoga,for,beginners,class
25-04-2024,Local Playwrights Showcase,local,playwrights,showcase
08-07-2025,Food and Drink Tasting Event,food,and,drink,tasting
06-01-2024,Non-Profit Awareness Walk,non-profit,awareness,walk
15-03-2024,Sustainable Living Workshop,sustainable,living,workshop
19-08-2024,High School Robotics Competition,high,school,robotics,competition
25-04-2025,Regional Biking Championship,regional,biking,championship
13-10-2023,Charity Food Drive,charity,food,drive
30-03-2025,Local Culture & Arts Festival,local,culture,arts,festival
23-03-2025,Weekend Pottery Class,weekend,pottery,class
01-12-2023,Watercolor Painting Class,watercolor,painting,class
04-02-2025,Gourmet Dessert Showcase,gourmet,dessert,showcase
31-03-2024,Summer Kids Art Class,summer,kids,art,class
24-03-2024,Local Short Film Festival,local,short,film,festival
17-12-2024,Summer Music Jam,music,summer,outdoor,live
25-03-2024,Karaoke Night,karaoke,night
02-10-2024,Global Cultures Day,global,cultures,day
12-03-2025,Salsa Dance Social,salsa,dance,social
01-12-2023,Pop-Up Art Show,pop-up,art,show
25-12-2024,Non-Profit Charity Walk,non-profit,charity,walk
12-02-2024,Regional Dance Championship,regional,dance,championship
26-02-2024,Coding Bootcamp,coding,bootcamp
21-03-2025,Kids Painting Competition,kids,painting,competition
21-04-2024,Hip-Hop Dance Battle,dance,competition,fun,music
22-09-2024,Wine Tasting Event,wine,food,community,drinks
06-02-2025,Surfing Lessons for Kids,surfing,lessons,for,kids
29-03-2024,High School Science Fair,high,school,science,fair
27-10-2024,Community Raffle,community,raffle
10-03-2024,Regional Debate Championship,regional,debate,championship
26-09-2025,Birdwatching and Nature Walk,birdwatching,and,nature,walk
30-06-2025,Neighborhood Charity Run,neighborhood,charity,run
03-04-2025,Winter Wonderland Party,winter,wonderland,party
26-06-2024,Local Robotics Expo,local,robotics,expo
25-08-2025,Startup Networking Event,startup,networking,event
19-06-2024,Folk Music Festival,folk,music,festival
26-07-2025,Festival of Lights Celebration,festival,lights,celebration
25-02-2025,Virtual Coffee Chat on Sustainability,virtual,coffee,chat,sustainability
15-02-2025,Creative Writing Workshop,creative,writing,workshop
27-05-2025,Local Historical Landmark Tour,local,historical,landmark,tour
03-09-2025,Social Media Strategy Panel,social,media,strategy,panel
20-08-2024,Sports Fitness Bootcamp,sports,fitness,bootcamp
15-02-2025,Beach Volleyball Tournament,beach,volleyball,tournament
09-04-2025,Annual Harvest Parade,annual,harvest,parade
11-05-2025,Craft Beer Tasting Event,craft,beer,tasting,event
24-02-2024,Local Farmers' Market,local,farmers',market
18-08-2024,Social Media Marketing Workshop,social,media,marketing,workshop
07-12-2023,Non-Profit Silent Auction,non-profit,silent,auction
11-06-2025,Kids Theater Acting Class,kids,theater,acting,class
01-08-2024,Citywide Scavenger Hunt,citywide,scavenger,hunt
28-05-2024,Non-Profit Fundraiser,charity,community,fundraiser,non-profit
29-03-2024,Winter Community Carnival,winter,community,carnival
31-01-2024,Neighborhood Ice Skating Event,neighborhood,ice,skating,event
09-08-2024,Student Film Screening,student,film,screening
30-09-2024,Charity Bake Sale,charity,bake,sale
16-05-2024,Public Speaking Contest,public,speaking,contest
14-05-2024,Local Park Cleanup,local,park,cleanup
01-02-2025,Regional Horse Racing,regional,horse,racing
25-05-2024,Regional Science Symposium,regional,science,symposium
30-12-2023,Street Photography Walk,street,photography,walk
18-06-2024,Cultural Heritage Festival,cultural,heritage,festival
09-06-2024,Online Mental Health Seminar,online,mental,health,seminar